Company,Job Title,Filename
Bonami Software,React JS | JavaScript Developer,JD 1.txt
Saapttrini Software Solutions Pvt. Ltd.,Full Stack Developer,JD 100.txt
Krishworks Technology And Research Labs,Fullstack Web Developer,JD 12.txt
HTD Careers,Software Engineer Trainee,JD 13.txt
Mantras2Success Consultants,Lead Full Stack Developer (Python + Angular/React),JD 19.txt
Accenture,Application Developer,JD 2.txt
SharpCode,Full Stack Developer,JD 21.txt
Chalanas,Full Stack Developer,JD 22.txt
Barclays,Full Stack Developer,JD 23.txt
Digitech Sols,Full Stack Developer,JD 24.txt
EthAum Venture Partners,Full Stack Developer,JD 27.txt
Finflux,Full Stack Developer,JD 29.txt
ZOG Global,Full Stack Developer,JD 31.txt
Inputzero Technologies,Full Stack Developer,JD 32.txt
AvenDATA GmbH,Full Stack Developer,JD 33.txt
Insight Gro,Full Stack Developer,JD 35.txt
XynoSoft,Full Stack Developer,JD 37.txt
Emerson,Full Stack Developer,JD 38.txt
Techplek,Full Stack Developer,JD 39.txt
Nexpro247,Python Developer,JD 4.txt
Novisync,Full Stack Developer,JD 40.txt
AvenDATA GmbH,Full Stack Developer,JD 41.txt
Agnito,Full Stack Developer,JD 42.txt
Techies,Full Stack Developer,JD 43.txt
APT Portfolio,Full Stack Developer,JD 44.txt
Codingmart Technologies,Full Stack Developer,JD 45.txt
Inspiroz IT Services,Full Stack Developer,JD 46.txt
H K Infosoft,Full Stack Developer,JD 47.txt
Vertoz,Full Stack Developer,JD 49.txt
EY,WAM-Fullstack Developer-Staff ,JD 51.txt
delaPlex,Full Stack Developer - React.js/Python,JD 52.txt
Infosys,Java and React JS Developer,JD 53.txt
delaPlex,Full Stack Developer (React and Python),JD 54.txt
Oaza Energy,Full Stack Developer,JD 55.txt
ConsultBae Jobs,Junior Full Stack Developer,JD 56.txt
SR Analytics,MERN/PERN Stack Developer - React.js/Node.js,JD 58.txt
STAND 8 Technology Services,Full Stack Developer,JD 59.txt
Primohunt Corporate,Full Stack Developer - JAVA / Angular,JD 6.txt
Cloudstaff,Full Stack Developer,JD 61.txt
Onelab Ventures,SDE-1 (Mern Stack),JD 62.txt
ThreatXIntel,Freelance Full-Stack Developer - React/.NET Core,JD 63.txt
Unanime Planet,Full Stack Engineer,JD 65.txt
Eshcol Global Services Private Limited,Software Developer,JD 66.txt
Infosys,React.JS Developer,JD 68.txt
Varian,Software Engineer,JD 69.txt
Accenture,Application Developer,JD 7.txt
TIGI HR,Full Stack Engineer,JD 74.txt
METAVERSE VENTURES PRIVATE LIMITED,Full Stack Developer,JD 75.txt
Mastercard,Software Engineer II,JD 76.txt
QBH Solution Pvt. Ltd. (QBH SOFT),Angular & Nest JS Full Stack Developer,JD 78.txt
Kezan Consulting,Java Full Stack Developer,JD 8.txt
eClerx,Associate Process Manager - Web Developer,JD 81.txt
ePiphany AI,Full Stack Developer,JD 82.txt
Confidential,Java Full Stack Developer,JD 84.txt
Informica Solutions ,AWS developer + python,JD 85.txt
Sparkmetrics Solutions ,Full Stack Developer,JD 86.txt
ThreatXIntel,Full Stack Developer - React/.NET Core,JD 87.txt
ThreatXIntel,Full Stack Developer - React/.NET Core,JD 88.txt
Accenture,Application Developer,JD 9.txt
TIGI HR,Full Stack Engineer,JD 90.txt
r3 Consultant,Full Stack Engineer (Nodejs+Angular+Weblogic),JD 91.txt
Supply Wisdom,Full Stack Developer,JD 92.txt
Findoc,Full Stack Developer,JD 94.txt
Vision Mechatronics,Full Stack Developer,JD 95.txt
ITIO Innovaxe Private Limited,Python Full Stack Developer,JD 96.txt
